"Provider_Number","Location_Name","Address","City","State","Zip","Admin_First_Name","Admin_Last_Name","Phone","LicensedCapacity","Operation_Months","Operation_Days","Hours_Open","Hours_Close","Infant_0_To_12mos","Toddler_13mos_To_2yrs","Preschool_3yrs_To_4yrs","Pre_K_Served","School_Age_5yrs_Plus","Ages_Other_Than_Pre_K_Served","Has_Evening_Care","Has_Drop_In_Care","Has_School_Age_Summer_Care","Has_Special_Needs_Care","Has_Transport_ToFrom_School"
"CCLC-23010","YMCA Primetime @ Mulberry Elementary","442 East Union Grove Circle","Auburn","GA",30011,"Juanetta","Mclendon","(678) 226-7460",50,"JAN FEB MAR APR MAY JUN AUG SEP OCT NOV DEC","MO TU WE TH FR",02:45:00 PM,06:30:00 PM,FALSE,FALSE,FALSE,FALSE,TRUE,TRUE,FALSE,FALSE,FALSE,FALSE,FALSE
"CCLC-38373","Buford Children's Academy","4440 Commerce Drive","Buford","GA",30518,"Robyn","Conell","(678) 765-7870",150,"JAN FEB MAR APR MAY JUN JUL AUG SEP OCT NOV DEC","MO TU WE TH FR",06:30:00 AM,06:30:00 PM,TRUE,TRUE,TRUE,FALSE,TRUE,TRUE,FALSE,TRUE,TRUE,FALSE,FALSE
"CCLC-34822","Buford Headstart /Pre-K","84 Maddox Rd.","Buford","GA",30518,"Sally","Causey","(770) 271-8345",100,"JAN FEB MAR APR MAY AUG SEP OCT NOV DEC","MO TU WE TH FR",07:00:00 AM,04:00:00 PM,FALSE,FALSE,TRUE,TRUE,FALSE,TRUE,FALSE,FALSE,FALSE,FALSE,FALSE
"CCLC-1237","Children's Learning Center","185 Scott St.","Buford","GA",30518,"Jeree","Creech","(770) 945-4817",98,"JAN FEB MAR APR MAY JUN JUL AUG SEP OCT NOV DEC","MO TU WE TH FR",06:00:00 AM,06:00:00 PM,TRUE,TRUE,TRUE,TRUE,TRUE,TRUE,FALSE,TRUE,TRUE,FALSE,TRUE
"CCLC-31958","Cresco Montessori School - Buford Campus","1980 Buford Highway","Buford","GA",30518,"Jessica","Owens","(678) 765-3028",88,"JAN FEB MAR APR MAY JUN JUL AUG SEP OCT NOV DEC","MO TU WE TH FR",06:30:00 AM,06:30:00 PM,TRUE,TRUE,TRUE,TRUE,TRUE,TRUE,TRUE,FALSE,FALSE,FALSE,FALSE
"CCLC-16411","Discovery Point #40","3341 Hamilton Mill Rd.","Buford","GA",30519,"Linda","Rack","(770) 904-3180",222,"JAN FEB MAR APR MAY JUN JUL AUG SEP OCT NOV DEC","MO TU WE TH FR",06:30:00 AM,06:30:00 PM,TRUE,TRUE,TRUE,TRUE,TRUE,TRUE,FALSE,TRUE,TRUE,FALSE,TRUE
"CCLC-30953","Discovery Point #53","2715 Mall of Georgia Blvd.","Buford","GA",30519,"Ashley","Propes","(770) 945-7474",230,"JAN FEB MAR APR MAY JUN JUL AUG SEP OCT NOV DEC","MO TU WE TH FR",06:30:00 AM,06:30:00 PM,TRUE,TRUE,TRUE,TRUE,TRUE,TRUE,FALSE,TRUE,TRUE,FALSE,TRUE
"CCLC-36402","Four Seasons Montessori School","4755 Spout Springs Road","Buford","GA",30519,"Annette","Coffee","(404) 444-1995",45,"JAN FEB MAR APR MAY JUN JUL AUG SEP OCT NOV DEC","MO TU WE TH FR",07:30:00 AM,03:00:00 PM,FALSE,TRUE,TRUE,FALSE,TRUE,TRUE,FALSE,FALSE,FALSE,FALSE,FALSE
"CCLC-1121","Hamilton Mill Pre-K Program","4226 Hamilton Mill Rd.","Buford","GA",30519,"Amy","Ray","(770) 945-0156",84,"JAN FEB MAR APR MAY JUN JUL AUG SEP OCT NOV DEC","MO TU WE TH FR",07:30:00 AM,06:00:00 PM,FALSE,FALSE,TRUE,TRUE,TRUE,TRUE,FALSE,TRUE,TRUE,FALSE,TRUE
"CCLC-13720","New Odyssey For Children","3378 Hamilton Mill Road","Buford","GA",30519,"Amber","Vellenger","(678) 714-9555",181,"JAN FEB MAR APR MAY JUN JUL AUG SEP OCT NOV DEC","MO TU WE TH FR",06:30:00 AM,06:30:00 PM,TRUE,TRUE,TRUE,TRUE,TRUE,TRUE,FALSE,FALSE,TRUE,FALSE,TRUE
"CCLC-76","Primrose School of Buford","1650 Crossroads Drive","Buford","GA",30518,"Jennifer","Horist","(770) 932-5573",132,"JAN FEB MAR APR MAY JUN JUL AUG SEP OCT NOV DEC","MO TU WE TH FR",06:30:00 AM,06:30:00 PM,TRUE,TRUE,TRUE,FALSE,TRUE,TRUE,FALSE,FALSE,TRUE,FALSE,TRUE
"CCLC-36387","Rainbow Child Care Center","3966 South Bogan Road","Buford","GA",30519,"Katherine","Wiley","(678) 714-7021",208,"JAN FEB MAR APR MAY JUN JUL AUG SEP OCT NOV DEC","MO TU WE TH FR",06:30:00 AM,06:30:00 PM,TRUE,TRUE,TRUE,FALSE,TRUE,TRUE,FALSE,TRUE,TRUE,FALSE,TRUE
"CCLC-26919","The Goddard School","4000 S. Bogan Rd.","Buford","GA",30519,"Michelle","Caldwell","(770) 831-2328",200,"JAN FEB MAR APR MAY JUN JUL AUG SEP OCT NOV DEC","MO TU WE TH FR",06:30:00 AM,06:30:00 PM,TRUE,TRUE,TRUE,FALSE,TRUE,TRUE,FALSE,FALSE,FALSE,FALSE,TRUE
"CCLC-37750","Childcare Network #245","405 Dacula Rd.","Dacula","GA",30019,"Jana","Carolus","(770) 995-7660",254,"JAN FEB MAR APR MAY JUN JUL AUG SEP OCT NOV DEC","MO TU WE TH FR",06:00:00 AM,07:00:00 PM,TRUE,TRUE,TRUE,TRUE,TRUE,TRUE,FALSE,TRUE,TRUE,FALSE,TRUE
"CCLC-3346","Child's World Kindergarten  A","3206 Fence Road","Dacula","GA",30019,"Jodi","Mason","(770) 962-4024",67,"JAN FEB MAR APR MAY JUN JUL AUG SEP OCT NOV DEC","MO TU WE TH FR",06:30:00 AM,05:30:00 PM,FALSE,FALSE,TRUE,FALSE,TRUE,TRUE,FALSE,TRUE,TRUE,FALSE,TRUE
"CCLC-33454","Dacula Academy","2303 Alcovy Road","Dacula","GA",30019,"Janna","Rookis","(770) 962-4128",221,"JAN FEB MAR APR MAY JUN JUL AUG SEP OCT NOV DEC","MO TU WE TH FR",06:00:00 AM,06:30:00 PM,TRUE,TRUE,TRUE,TRUE,TRUE,TRUE,FALSE,TRUE,TRUE,FALSE,TRUE
"CCLC-29045","Dacula Family Sports","144 Broad Street","Dacula","GA",30019,"Robden ","Phillips","(770) 237-2121",85,"JAN FEB MAR APR MAY JUN AUG SEP OCT NOV DEC","MO TU WE TH FR",02:45:00 PM,07:00:00 PM,FALSE,FALSE,TRUE,FALSE,TRUE,TRUE,FALSE,FALSE,FALSE,FALSE,TRUE
"CCLC-32500","Discovery Point #10","2380 Hamilton Mill Parkway","Dacula","GA",30019,"Cyndi","Virgilio","(770) 614-3556",191,"JAN FEB MAR APR MAY JUN JUL AUG SEP OCT NOV DEC","MO TU WE TH FR",06:30:00 AM,06:30:00 PM,TRUE,TRUE,TRUE,TRUE,TRUE,TRUE,FALSE,TRUE,TRUE,FALSE,TRUE
"CCLC-39104","Duncan Creek Academy","2064 Pine Road","Dacula","GA",30019,"Nicole","Rearick","(770) 831-1505",236,"JAN FEB MAR APR MAY JUN JUL AUG SEP OCT NOV DEC","MO TU WE TH FR",06:00:00 AM,06:30:00 PM,TRUE,TRUE,TRUE,TRUE,TRUE,TRUE,FALSE,FALSE,TRUE,FALSE,TRUE
"CCLC-1020","Fort Daniel Children's Academy","2730 Braselton Hwy.","Dacula","GA",30019,"LaNita","Ricks","(770) 932-6200",203,"JAN FEB MAR APR MAY JUN JUL AUG SEP OCT NOV DEC","MO TU WE TH FR",06:00:00 AM,06:30:00 PM,TRUE,TRUE,TRUE,TRUE,TRUE,TRUE,FALSE,FALSE,TRUE,FALSE,TRUE
"CCLC-15900","Great Beginnings of Dacula","1271 Harbins Rd.","Dacula","GA",30019,"Lloyd","Delatour","(770) 995-4343",538,"JAN FEB MAR APR MAY JUN JUL AUG SEP OCT NOV DEC","MO TU WE TH FR",06:00:00 AM,06:30:00 PM,TRUE,TRUE,TRUE,TRUE,TRUE,TRUE,FALSE,FALSE,TRUE,FALSE,TRUE
"CCLC-39113","Kids' Galaxy","2243 Alcovy Road","Dacula","GA",30019,"Sharon","Carter","(770) 299-1567",154,"JAN FEB MAR APR MAY JUN JUL AUG SEP OCT NOV DEC","MO TU WE TH FR",06:00:00 AM,06:30:00 PM,TRUE,TRUE,TRUE,FALSE,TRUE,TRUE,FALSE,TRUE,TRUE,FALSE,FALSE
"CCLC-36766","Kids Harbor of Hamilton Mill","2852 Hog Mountain Road","Dacula","GA",30019,"Terri","Wilson","(770) 831-5454",197,"JAN FEB MAR APR MAY JUN JUL AUG SEP OCT NOV DEC","MO TU WE TH FR",06:30:00 AM,06:30:00 PM,TRUE,TRUE,TRUE,TRUE,TRUE,TRUE,FALSE,FALSE,TRUE,FALSE,TRUE
"CCLC-38693","The Goddard School of Dacula","1362 Auburn Road","Dacula","GA",30019,"Amy","Grennan","(770) 682-8260",174,"JAN FEB MAR APR MAY JUN JUL AUG SEP OCT NOV DEC","MO TU WE TH FR",06:30:00 AM,06:30:00 PM,TRUE,TRUE,TRUE,TRUE,TRUE,TRUE,FALSE,FALSE,TRUE,FALSE,TRUE
"CCLC-935","An Apple a Day Early Learning Center","3152 Creek Dr.","Duluth","GA",30096,"Nora","Doyle","(770) 476-5481",200,"JAN FEB MAR APR MAY JUN JUL AUG SEP OCT NOV DEC","MO TU WE TH FR",06:15:00 AM,06:30:00 PM,TRUE,TRUE,TRUE,TRUE,TRUE,TRUE,FALSE,TRUE,TRUE,FALSE,TRUE
"CCLC-29631","C.O.R.E. Kids Academy","2702 Peachtree Industrial Blvd.","Duluth","GA",30097,"Janet","Kim","(770) 495-0073",154,"JAN FEB MAR APR MAY JUN JUL AUG SEP OCT NOV DEC","MO TU WE TH FR",06:30:00 AM,07:00:00 PM,TRUE,TRUE,TRUE,TRUE,TRUE,TRUE,FALSE,FALSE,FALSE,FALSE,TRUE
"CCLC-35250","Childcare Network #211","3635 Howell Ferry Rd.","Duluth","GA",30096,"Tiffany","Coney","(770) 623-9880",149,"JAN FEB MAR APR MAY JUN JUL AUG SEP OCT NOV DEC","MO TU WE TH FR",06:30:00 AM,06:30:00 PM,TRUE,TRUE,TRUE,TRUE,TRUE,TRUE,FALSE,TRUE,TRUE,FALSE,TRUE
"CCLC-1536","Childtime Childcare #1107","2405 Meadowbrook Pkwy.","Duluth","GA",30096,"Lilla","Thwaites","(770) 497-1433",140,"JAN FEB MAR APR MAY JUN JUL AUG SEP OCT NOV DEC","MO TU WE TH FR",06:30:00 AM,06:30:00 PM,TRUE,TRUE,TRUE,TRUE,TRUE,TRUE,FALSE,TRUE,TRUE,FALSE,TRUE
"CCLC-22112","Creme de la Creme","2349 Meadow Church Road","Duluth","GA",30097,"Kharla","Alvarado","(678) 389-4403",308,"JAN FEB MAR APR MAY JUN JUL AUG SEP OCT NOV DEC","MO TU WE TH FR",06:30:00 AM,06:30:00 AM,TRUE,TRUE,TRUE,FALSE,TRUE,TRUE,FALSE,FALSE,TRUE,FALSE,TRUE
"CCLC-26228","Discovery Point  #3","3800 Howell Ferry Road","Duluth","GA",30096,"Michelle","Malizioso","(770) 623-3090",195,"JAN FEB MAR APR MAY JUN JUL AUG SEP OCT NOV DEC","MO TU WE TH FR",06:30:00 AM,06:30:00 PM,TRUE,TRUE,TRUE,TRUE,TRUE,TRUE,FALSE,TRUE,TRUE,FALSE,TRUE
"CCLC-1348","Discovery Point #5","3730 Satellite Blvd","Duluth","GA",30096,"Jamye","Jones","(770) 418-1901",238,"JAN FEB MAR APR MAY JUN JUL AUG SEP OCT NOV DEC","MO TU WE TH FR",06:30:00 AM,06:30:00 PM,TRUE,TRUE,TRUE,TRUE,TRUE,TRUE,FALSE,TRUE,TRUE,FALSE,TRUE
"CCLC-30995","Greater Atlanta Montessori School","3351 North Berkeley Lake Road","Duluth","GA",30096,"Pang ","Gentry","(770) 232-0330",46,"JAN FEB MAR APR MAY JUN JUL AUG SEP OCT NOV DEC","MO TU WE TH FR",06:30:00 AM,06:30:00 PM,FALSE,TRUE,TRUE,FALSE,TRUE,TRUE,FALSE,FALSE,FALSE,FALSE,FALSE
"CCLC-1202","Kids 'R Kids #27","3480 Pleasant Hill Road","Duluth","GA",30096,"Julie","Holliday","(770) 813-9600",272,"JAN FEB MAR APR MAY JUN JUL AUG SEP OCT NOV DEC","MO TU WE TH FR",06:00:00 AM,06:30:00 PM,TRUE,TRUE,TRUE,TRUE,TRUE,TRUE,FALSE,TRUE,FALSE,FALSE,TRUE
"CCLC-31","Kids 'R Kids #48","1780 Peachtree Industrial Blvd","Duluth","GA",30097,"Janet","Lawson","(770) 622-2900",277,"JAN FEB MAR APR MAY JUN JUL AUG SEP OCT NOV DEC","MO TU WE TH FR",06:00:00 AM,06:30:00 PM,TRUE,TRUE,FALSE,TRUE,FALSE,TRUE,FALSE,TRUE,TRUE,FALSE,TRUE
"CCLC-32729","KinderCare Learning Center #1175","2120 West Liddell Rd.","Duluth","GA",30096,"Amanda","Stratford","(770) 497-1001",134,"JAN FEB MAR APR MAY JUN JUL AUG SEP OCT NOV DEC","MO TU WE TH FR",12:00:00 AM,12:00:00 AM,TRUE,TRUE,TRUE,TRUE,TRUE,TRUE,FALSE,TRUE,TRUE,FALSE,TRUE
"CCLC-37126","Legacy Academy Satellite","1825 Satellite Blvd.","Duluth","GA",30097,"Denise","Isaza-Tobon","(770) 622-9200",263,"JAN FEB MAR APR MAY JUN JUL AUG SEP OCT NOV DEC","MO TU WE TH FR",06:30:00 AM,06:30:00 PM,TRUE,TRUE,TRUE,TRUE,TRUE,TRUE,FALSE,FALSE,TRUE,FALSE,TRUE
"CCLC-38463","Little Tikes Academy","2960 Albion Farm Road","Duluth","GA",30097,"Marcus","Drake","(770) 476-4221",310,"JAN FEB MAR APR MAY JUN JUL AUG SEP OCT NOV DEC","MO TU WE TH FR",06:30:00 AM,06:30:00 PM,TRUE,TRUE,TRUE,TRUE,TRUE,TRUE,FALSE,TRUE,TRUE,FALSE,TRUE
"CCLC-38157","Primrose School of Duluth West","3525 Duluth Park Ln.","Duluth","GA",30096,"Christine","Weiss","(770) 623-0085",130,"JAN FEB MAR APR MAY JUN JUL AUG SEP OCT NOV DEC","MO TU WE TH FR",06:30:00 AM,06:30:00 PM,TRUE,TRUE,TRUE,FALSE,TRUE,TRUE,FALSE,TRUE,TRUE,FALSE,TRUE
"CCLC-38476","Rainbow Village Early Childhood Development Center LLC","3427 Duluth Hwy 120","Duluth","GA",30096,"HEATHER","NEWMAN","(678) 878-4889",91,"JAN FEB MAR APR MAY JUN JUL AUG SEP OCT NOV DEC","MO TU WE TH FR",06:30:00 AM,06:30:00 PM,TRUE,TRUE,TRUE,FALSE,TRUE,TRUE,FALSE,FALSE,FALSE,FALSE,FALSE
"CCLC-2519","Sugarloaf Montessori School","2270 Meadow Church Road","Duluth","GA",30097,"Michelle","Whaley","(678) 473-0079",156,"JAN FEB MAR APR MAY JUN JUL AUG SEP OCT NOV DEC","MO TU WE TH FR",07:00:00 AM,06:00:00 PM,FALSE,TRUE,TRUE,FALSE,TRUE,TRUE,FALSE,FALSE,TRUE,FALSE,FALSE
"CCLC-32675","The Schoolhouse","2466 Buford Hwy","Duluth","GA",30097,"Angilla","Jones","(678) 240-2507",60,"JAN FEB MAR APR MAY JUN JUL AUG SEP OCT NOV DEC","MO TU WE TH FR",07:00:00 AM,06:00:00 PM,FALSE,TRUE,TRUE,FALSE,FALSE,TRUE,FALSE,FALSE,FALSE,FALSE,FALSE
"CCLC-155","The Sunshine House #77","1494 Pleasant Hill Rd","Duluth","GA",30096,"Kea","Childress","(770) 279-9888",149,"JAN FEB MAR APR MAY JUN JUL AUG SEP OCT NOV DEC","MO TU WE TH FR",06:30:00 AM,06:30:00 PM,TRUE,TRUE,TRUE,TRUE,TRUE,TRUE,FALSE,TRUE,TRUE,FALSE,TRUE
"CCLC-30494","Tree Planted By the Stream (TPS) Preschool/Afterschool","3205 Pleasant Hill Road","Duluth","GA",30096,"Young","Ahn","(678) 387-8785",72,"JAN FEB MAR APR MAY AUG SEP OCT NOV DEC","MO TU WE TH FR",08:30:00 AM,06:30:00 PM,FALSE,TRUE,TRUE,FALSE,TRUE,TRUE,FALSE,FALSE,FALSE,FALSE,TRUE
"CCLC-31978","Grayson Academy","1045 Cooper Rd.","Grayson","GA",30017,"Tashida","Watson","(678) 344-9991",170,"JAN FEB MAR APR MAY JUN JUL AUG SEP OCT NOV DEC","MO TU WE TH FR",06:00:00 AM,08:00:00 PM,TRUE,TRUE,TRUE,TRUE,TRUE,TRUE,FALSE,TRUE,TRUE,FALSE,TRUE
"CCLC-2855","Harbour Oaks Montessori School","1741 Athens Highway","Grayson","GA",30017,"Anna","Robichaux","(770) 979-8900",154,"JAN FEB MAR APR MAY JUN JUL AUG SEP OCT NOV DEC","MO TU WE TH FR",08:15:00 AM,03:00:00 PM,TRUE,TRUE,TRUE,FALSE,TRUE,TRUE,FALSE,FALSE,TRUE,FALSE,FALSE
"CCLC-3453","Prime Time - Grayson","460 Highway 84","Grayson","GA",30017,"Sherri","Brown","(770) 963-7189",50,"JAN FEB MAR APR MAY JUN JUL AUG SEP OCT NOV DEC","MO TU WE TH FR",03:00:00 PM,06:30:00 PM,FALSE,FALSE,FALSE,FALSE,TRUE,TRUE,FALSE,FALSE,FALSE,FALSE,FALSE
"CCLC-30918","Rosebud Child Development Center","550 Grayson Pkwy.","Grayson","GA",30017,"Aleshia","Newby-Korede","(678) 694-1679",121,"JAN FEB MAR APR MAY JUN JUL AUG SEP OCT NOV DEC","MO TU WE TH FR",06:00:00 AM,06:30:00 PM,TRUE,TRUE,TRUE,TRUE,TRUE,TRUE,FALSE,FALSE,FALSE,FALSE,TRUE
"CCLC-39487","Stride to Strive","200 Grayson Industrial Parkway","Grayson","GA",30017,"Gloria","Ross-Lacey","(678) 615-7559",35,"JAN FEB MAR APR MAY AUG SEP OCT NOV DEC","MO TU WE TH FR",06:30:00 AM,07:00:00 PM,FALSE,FALSE,FALSE,FALSE,TRUE,TRUE,TRUE,FALSE,FALSE,FALSE,TRUE
"CCLC-156","The Sunshine House #79","2557 Highway 20","Grayson","GA",30017,"Serena","Dorsey","(770) 822-4477",210,"JAN FEB MAR APR MAY JUN JUL AUG SEP OCT NOV DEC","MO TU WE TH FR",06:30:00 AM,06:30:00 PM,TRUE,TRUE,TRUE,TRUE,TRUE,TRUE,FALSE,TRUE,TRUE,FALSE,TRUE
"CCLC-177","Today's Kids of Grayson","444 Pine Grove Avenue","Grayson","GA",30017,"Eva","Mulkey","(770) 237-8880",204,"JAN FEB MAR APR MAY JUN JUL AUG SEP OCT NOV DEC","MO TU WE TH FR",06:00:00 AM,06:30:00 PM,TRUE,TRUE,TRUE,TRUE,TRUE,TRUE,FALSE,FALSE,TRUE,FALSE,FALSE
"CCLC-18223","New Odyssey for Children","2013 Millcrest Drive","Hoschton","GA",30548,"Jossette","Pencile","(770) 904-0004",189,"JAN FEB MAR APR MAY JUN JUL AUG SEP OCT NOV DEC","MO TU WE TH FR",06:30:00 AM,06:30:00 PM,TRUE,TRUE,TRUE,TRUE,TRUE,TRUE,FALSE,TRUE,TRUE,FALSE,TRUE
"CCLC-35523","A Mother's Love","1688 Lawrenceville Hwy","Lawrenceville","GA",30044,"Princess","Israel","(678) 395-6867",86,"JAN FEB MAR APR MAY JUN JUL AUG SEP OCT NOV DEC","MO TU WE TH FR",06:00:00 AM,11:00:00 PM,TRUE,TRUE,TRUE,FALSE,TRUE,TRUE,TRUE,TRUE,TRUE,FALSE,FALSE
"CCLC-10890","Almost Home Childcare","1267 Hillandale Road","Lawrenceville","GA",30046,"Katrina","Williams","(770) 682-6500",32,"JAN FEB MAR APR MAY JUN JUL AUG SEP OCT NOV DEC","MO TU WE TH FR",06:30:00 AM,06:00:00 AM,TRUE,TRUE,TRUE,FALSE,TRUE,TRUE,FALSE,TRUE,FALSE,FALSE,FALSE
"CCLC-18143","BellBrook Child Development Center","3155 Sugarloaf Pkwy.","Lawrenceville","GA",30045,"Denise","Bernhardt","(770) 277-5353",202,"JAN FEB MAR APR MAY JUN JUL AUG SEP OCT NOV DEC","MO TU WE TH FR",06:00:00 AM,07:00:00 PM,TRUE,TRUE,TRUE,TRUE,TRUE,TRUE,FALSE,TRUE,FALSE,FALSE,TRUE
"CCLC-26885","Bethesda Christian Academy","390 Bethesda Church Road","Lawrenceville","GA",30044,"Clarice","Ford-Kulah","(770) 559-1257",116,"JAN FEB MAR APR MAY JUN JUL AUG SEP OCT NOV DEC","MO TU WE TH FR",06:30:00 AM,06:30:00 PM,TRUE,TRUE,TRUE,TRUE,TRUE,TRUE,FALSE,TRUE,TRUE,FALSE,TRUE
"CCLC-1371","Carousel Kids - New Hope","885 New Hope Road","Lawrenceville","GA",30046,"Robin","Geary","(770) 513-2994",135,"JAN FEB MAR APR MAY JUN JUL AUG SEP OCT NOV DEC","MO TU WE TH FR",06:00:00 AM,06:30:00 PM,TRUE,TRUE,TRUE,TRUE,TRUE,TRUE,FALSE,TRUE,FALSE,FALSE,TRUE
"CCLC-35253","Childcare Network #210","225 Simonton Rd.","Lawrenceville","GA",30046,"Joyce","Ellis","(770) 962-8873",223,"JAN FEB MAR APR MAY JUN JUL AUG SEP OCT NOV DEC","MO TU WE TH FR",06:30:00 AM,06:30:00 PM,TRUE,TRUE,TRUE,TRUE,TRUE,TRUE,FALSE,TRUE,TRUE,FALSE,TRUE
"CCLC-37556","Childcare Network #243","54 Towler Road","Lawrenceville","GA",30046,"Doris","Holden","(770) 513-4359",230,"JAN FEB MAR APR MAY JUN JUL AUG SEP OCT NOV DEC","MO TU WE TH FR",06:00:00 AM,07:00:00 PM,TRUE,TRUE,TRUE,TRUE,TRUE,TRUE,FALSE,FALSE,TRUE,FALSE,TRUE
"CCLC-1537","Childtime Childcare #1110","20 Patterson Rd","Lawrenceville","GA",30044,"Angela","Molette","(770) 995-7445",140,"JAN FEB MAR APR MAY JUN JUL AUG SEP OCT NOV DEC","MO TU WE TH FR",06:30:00 AM,06:30:00 PM,TRUE,TRUE,TRUE,TRUE,TRUE,TRUE,FALSE,TRUE,TRUE,FALSE,TRUE
"CCLC-1541","Childtime Childcare #1117","1795 Old Norcross Rd.","Lawrenceville","GA",30044,"Oxcelia","Blossomgame","(770) 513-3399",162,"JAN FEB MAR APR MAY JUN JUL AUG SEP OCT NOV DEC","MO TU WE TH FR",06:30:00 AM,06:30:00 PM,TRUE,TRUE,TRUE,TRUE,TRUE,TRUE,FALSE,TRUE,TRUE,FALSE,TRUE
"CCLC-39282","Cinthya's Angels Group Day Care","2627 Old Norcross Road","Lawrenceville","GA",30044,"Cinthya","Martinez","(770) 873-8487",10,"JAN FEB MAR APR MAY JUN JUL AUG SEP OCT NOV DEC","MO TU WE TH FR",07:00:00 AM,06:00:00 PM,TRUE,TRUE,TRUE,FALSE,TRUE,TRUE,FALSE,FALSE,TRUE,FALSE,FALSE
"CCLC-38193","D. Scott Hudgens  Jr. Early Education Center","5150 Sugarloaf Parkway","Lawrenceville","GA",30043,"REBECCA","OLSON","(678) 226-6510",379,"JAN FEB MAR APR MAY JUN JUL AUG SEP OCT NOV DEC","MO TU WE TH FR",07:00:00 AM,06:15:00 PM,TRUE,TRUE,TRUE,TRUE,TRUE,TRUE,FALSE,FALSE,FALSE,FALSE,FALSE
"CCLC-274","Discovery Point #4","2555 Cruse Road","Lawrenceville","GA",30044,"Rozina","Lakhani","(678) 376-9760",237,"JAN FEB MAR APR MAY JUN JUL AUG SEP OCT NOV DEC","MO TU WE TH FR",06:00:00 AM,09:00:00 PM,TRUE,TRUE,TRUE,TRUE,TRUE,TRUE,TRUE,TRUE,TRUE,FALSE,TRUE
"CCLC-21997","Discovery Point #45","1960 Old Peachtree Rd.","Lawrenceville","GA",30043,"Suzan","Swengel","(770) 513-0231",228,"JAN FEB MAR APR MAY JUN JUL AUG SEP OCT NOV DEC","MO TU WE TH FR",06:30:00 AM,06:30:00 PM,TRUE,TRUE,TRUE,TRUE,TRUE,TRUE,FALSE,TRUE,TRUE,FALSE,TRUE
"CCLC-18632","Discovery Point CDC #2","3650 Club Dr.","Lawrenceville","GA",30044,"Gloria","Darko","(770) 279-8400",194,"JAN FEB MAR APR MAY JUN JUL AUG SEP OCT NOV DEC","MO TU WE TH FR",06:00:00 AM,07:00:00 PM,FALSE,TRUE,TRUE,TRUE,TRUE,TRUE,TRUE,TRUE,TRUE,FALSE,TRUE
"CCLC-39351","Early Foundation Academy","467 Bethesda School Road","Lawrenceville","GA",30044,"Nakia","Cerna","(470) 268-4590",12,"JAN FEB MAR APR MAY JUN JUL AUG SEP OCT NOV DEC","MO TU WE TH FR",06:30:00 AM,06:30:00 PM,TRUE,TRUE,TRUE,FALSE,FALSE,TRUE,FALSE,FALSE,FALSE,FALSE,FALSE
"CCLC-35155","Foundations Learning Center","1073 Lawrenceville Hwy","Lawrenceville","GA",30046,"Terri","Franklin","(770) 277-2128",69,"JAN FEB MAR APR MAY JUN JUL AUG SEP OCT NOV DEC","MO TU WE TH FR",06:00:00 AM,07:00:00 PM,FALSE,TRUE,TRUE,TRUE,TRUE,TRUE,FALSE,FALSE,FALSE,FALSE,FALSE
"CCLC-12983","Fountain Park Academy","2209 Old Norcross Rd.","Lawrenceville","GA",30044,"Mildred","Sullivan","(678) 225-4002",236,"JAN FEB MAR APR MAY JUN JUL AUG SEP OCT NOV DEC","MO TU WE TH FR",06:30:00 AM,06:30:00 PM,TRUE,TRUE,TRUE,TRUE,TRUE,TRUE,FALSE,TRUE,TRUE,FALSE,TRUE
"CCLC-38351","Golden Kidz Child Care Center","3004 River Drive","Lawrenceville","GA",30044,"Zemzem","Geresu","(678) 344-5464",178,"JAN FEB MAR APR MAY JUN JUL AUG SEP OCT NOV DEC","MO TU WE TH FR SA",06:00:00 AM,08:00:00 PM,TRUE,TRUE,TRUE,FALSE,TRUE,TRUE,FALSE,FALSE,FALSE,FALSE,TRUE
"CCLC-38313","Herrington Academy","1101 Herrington Road","Lawrenceville","GA",30044,"Herline","Ford","(678) 377-5633",134,"JAN FEB MAR APR MAY JUN JUL AUG SEP OCT NOV DEC","MO TU WE TH FR",06:30:00 AM,06:30:00 PM,TRUE,TRUE,TRUE,TRUE,TRUE,TRUE,FALSE,FALSE,FALSE,FALSE,TRUE
"CCLC-3236","J.M. Tull-Gwinnett Family YMCA Branch Primetime","2985 Sugarloaf Pkwy","Lawrenceville","GA",30045,"Cecelia","Butler","(770) 963-1313",100,"JAN FEB MAR APR MAY JUN JUL AUG SEP OCT NOV DEC","MO TU WE TH FR",02:30:00 PM,06:30:00 PM,FALSE,FALSE,FALSE,FALSE,TRUE,TRUE,FALSE,FALSE,FALSE,FALSE,TRUE
"CCLC-24436","Kids Come First Early Learning Center","495 Scenic Highway","Lawrenceville","GA",30046,"Nicole","Lukusa","(678) 226-1809",70,"JAN FEB MAR APR MAY JUN JUL AUG SEP OCT NOV DEC","MO TU WE TH FR",06:30:00 AM,07:00:00 PM,TRUE,TRUE,TRUE,FALSE,TRUE,TRUE,FALSE,FALSE,FALSE,FALSE,TRUE
"CCLC-37769","Kids Come First Early Learning Centers #2","297 Shannon Way","Lawrenceville","GA",30044,"Crystal","Hernandez","(770) 513-0380",93,"JAN FEB MAR APR MAY JUN JUL AUG SEP OCT NOV DEC","MO TU WE TH FR",06:00:00 AM,06:30:00 PM,TRUE,TRUE,TRUE,TRUE,TRUE,TRUE,FALSE,FALSE,TRUE,FALSE,TRUE
"CCLC-2982","Kid's Crossing Learning Center","395 West Crogan St","Lawrenceville","GA",30046,"Angela","Schieber","(770) 339-7386",189,"JAN FEB MAR APR MAY JUN JUL AUG SEP OCT NOV DEC","MO TU WE TH FR",06:30:00 AM,06:30:00 PM,TRUE,TRUE,TRUE,FALSE,TRUE,TRUE,FALSE,FALSE,TRUE,FALSE,TRUE
"CCLC-798","Kids First Daycare  Inc.","1479 Purcell Rd.","Lawrenceville","GA",30043,"Linda","Hicks","(678) 442-0200",117,"JAN FEB MAR APR MAY JUN JUL AUG SEP OCT NOV DEC","TU WE TH FR",06:30:00 AM,06:30:00 PM,TRUE,TRUE,TRUE,TRUE,TRUE,TRUE,FALSE,TRUE,TRUE,FALSE,TRUE
"CCLC-33665","Kids Harbor of Old Peachtree","1920 Old Peachtree Road","Lawrenceville","GA",30043,"Jennifer","Hays","(678) 376-5437",204,"JAN FEB MAR APR MAY JUN JUL AUG SEP OCT NOV DEC","MO TU WE TH FR",06:00:00 AM,06:30:00 PM,TRUE,TRUE,TRUE,TRUE,TRUE,TRUE,FALSE,FALSE,FALSE,FALSE,FALSE
"CCLC-1214","Kids 'R' Kids #36","1122 Herrington Road","Lawrenceville","GA",30044,"Janine","Hardy","(770) 513-2222",455,"JAN FEB MAR APR MAY JUN JUL AUG SEP OCT NOV DEC","MO TU WE TH FR",06:15:00 AM,06:30:00 PM,TRUE,TRUE,TRUE,TRUE,TRUE,TRUE,FALSE,FALSE,TRUE,FALSE,TRUE
"CCLC-16412","Kids 'R' Kids #49","1486 Grayson Hwy.","Lawrenceville","GA",30045,"Allyson","Locsin","(770) 963-9110",287,"JAN FEB MAR APR MAY JUN JUL AUG SEP OCT NOV DEC","MO TU WE TH FR",06:30:00 AM,06:30:00 PM,TRUE,TRUE,TRUE,TRUE,TRUE,TRUE,FALSE,FALSE,TRUE,FALSE,TRUE
"CCLC-974","Kids 'R' Kids #8","1850 Atkinson Rd.","Lawrenceville","GA",30043,"Danice","Macon","(770) 339-1300",231,"JAN FEB MAR APR MAY JUN JUL AUG SEP OCT NOV DEC","MO TU WE TH FR",06:00:00 AM,06:30:00 PM,TRUE,TRUE,TRUE,TRUE,TRUE,TRUE,FALSE,TRUE,FALSE,FALSE,TRUE
"CCLC-32579","Kids 'R' Kids 19GA","225 Collins Industrial Way","Lawrenceville","GA",30043,"Kristi","Harris","(770) 962-6400",254,"JAN FEB MAR APR MAY JUN JUL AUG SEP OCT NOV DEC","MO TU WE TH FR",06:00:00 AM,06:30:00 PM,TRUE,TRUE,TRUE,TRUE,TRUE,TRUE,FALSE,TRUE,TRUE,FALSE,TRUE
"CCLC-38855","Kids Stay N Play","1455 Pleasant Hill Road  Suite 601","Lawrenceville","GA",30044,"Bosco","Ikeakanam","(770) 476-4263",117,"JAN FEB MAR APR MAY JUN JUL AUG SEP OCT NOV DEC","MO TU WE TH FR SA",06:00:00 AM,10:00:00 PM,TRUE,TRUE,TRUE,TRUE,TRUE,TRUE,TRUE,TRUE,TRUE,FALSE,TRUE
"CCLC-32733","KinderCare Learning Center #1313","1191 McKendree Church Rd.","Lawrenceville","GA",30043,"Pearlene","Bingley","(770) 339-9520",137,"JAN FEB MAR APR MAY JUN JUL AUG SEP OCT NOV DEC","MO TU WE TH FR",06:00:00 AM,07:00:00 PM,TRUE,TRUE,TRUE,TRUE,TRUE,TRUE,FALSE,TRUE,TRUE,FALSE,TRUE
"CCLC-32736","KinderCare Learning Center #1544","1720 Marathon Boulevard","Lawrenceville","GA",30046,"Pam","Letchworth","(770) 339-3068",212,"JAN FEB MAR APR MAY JUN JUL AUG SEP OCT NOV DEC","MO TU WE TH FR",06:30:00 AM,06:30:00 PM,TRUE,TRUE,TRUE,TRUE,TRUE,TRUE,FALSE,TRUE,TRUE,FALSE,TRUE
"CCLC-35646","Learning Hive Kid's Club","415 Scenic Highway","Lawrenceville","GA",30046,"Danita","Smith","(770) 822-4001",33,"JAN FEB MAR APR MAY JUN JUL AUG SEP OCT NOV DEC","MO TU WE TH FR SA",06:00:00 AM,07:00:00 PM,TRUE,TRUE,TRUE,FALSE,TRUE,TRUE,FALSE,TRUE,FALSE,FALSE,TRUE
"CCLC-917","Learning Time Child Development Center","141 Langley Dr.","Lawrenceville","GA",30046,"Nicole","Stanback","(770) 822-0354",98,"JAN FEB MAR APR MAY JUN JUL AUG SEP OCT NOV DEC","MO TU WE TH FR",06:30:00 AM,06:30:00 PM,TRUE,TRUE,TRUE,TRUE,TRUE,TRUE,FALSE,TRUE,TRUE,FALSE,TRUE
"CCLC-39340","Magic World","685 Bethesda School Road","Lawrenceville","GA",30044,"JAIRO","ARRIAGA","(404) 432-5287",10,"JAN FEB MAR APR MAY JUN JUL AUG SEP OCT NOV DEC","MO TU WE TH FR",07:30:00 AM,06:00:00 PM,TRUE,TRUE,TRUE,FALSE,FALSE,TRUE,FALSE,FALSE,FALSE,FALSE,FALSE
"CCLC-574","Mill Creek Academy","1061 Old Peachtree Road","Lawrenceville","GA",30043,"Kelly","Cobb","(770) 339-3330",211,"JAN FEB MAR APR MAY JUN JUL AUG SEP OCT DEC","MO TU WE TH FR",06:30:00 AM,06:30:00 PM,TRUE,TRUE,TRUE,TRUE,TRUE,TRUE,FALSE,FALSE,FALSE,FALSE,TRUE
"CCLC-26502","Oak Grove Kids","850 Highway 20 North","Lawrenceville","GA",30043,"Ash","Patel","(770) 962-1960",197,"JAN FEB MAR APR MAY JUN JUL AUG SEP OCT NOV DEC","MO TU WE TH FR",06:00:00 AM,07:00:00 PM,TRUE,TRUE,TRUE,TRUE,TRUE,TRUE,FALSE,TRUE,TRUE,TRUE,TRUE
"CCLC-2121","Oak Meadow Montessori School","2145 Collins Hill Road","Lawrenceville","GA",30043,"Lynn","Nehez","(770) 963-8303",125,"JAN FEB MAR APR MAY JUN JUL AUG SEP OCT NOV DEC","MO TU WE TH FR",07:30:00 AM,06:00:00 PM,FALSE,TRUE,TRUE,FALSE,TRUE,TRUE,FALSE,FALSE,FALSE,FALSE,FALSE
"CCLC-12653","Old Fountain Academy","1933 Old Fountain Road","Lawrenceville","GA",30043,"Sharon","Wilson","(678) 376-2733",221,"JAN FEB MAR APR MAY JUN JUL AUG SEP OCT NOV DEC","MO TU WE TH FR",06:30:00 AM,06:30:00 PM,TRUE,TRUE,TRUE,TRUE,TRUE,TRUE,FALSE,FALSE,TRUE,FALSE,TRUE
"CCLC-744","Old Peachtree Academy","1195 Old Peachtree Rd.","Lawrenceville","GA",30043,"Lara","Knape","(770) 676-6759",262,"JAN FEB MAR APR MAY JUN JUL AUG SEP OCT NOV DEC","MO TU WE TH FR",06:30:00 AM,06:30:00 PM,TRUE,TRUE,TRUE,TRUE,TRUE,TRUE,FALSE,TRUE,TRUE,FALSE,FALSE
"CCLC-9100","Oxford Falls Academy","1065 Walther Boulevard","Lawrenceville","GA",30043,"Jeanne","Lynch","(770) 277-1171",93,"JAN FEB MAR APR MAY JUN JUL AUG SEP OCT NOV DEC","MO TU WE TH FR",07:00:00 AM,06:30:00 PM,TRUE,TRUE,TRUE,FALSE,TRUE,TRUE,FALSE,FALSE,FALSE,FALSE,FALSE
"CCLC-9049","Primrose School at Sugarloaf Parkway East","2782 SUGARLOAF PARKWAY","Lawrenceville","GA",30045,"Tanisha","Turner","(770) 513-0066",190,"JAN FEB MAR APR MAY JUN JUL AUG SEP OCT NOV DEC","MO TU WE TH FR",06:30:00 AM,06:30:00 PM,TRUE,TRUE,TRUE,FALSE,TRUE,TRUE,FALSE,TRUE,TRUE,FALSE,TRUE
"CCLC-35240","Primrose School of Five Forks","3030 River Dr.","Lawrenceville","GA",30044,"Jeanne","Vanemburgh","(770) 985-0028",179,"JAN FEB MAR APR MAY JUN JUL AUG SEP OCT NOV DEC","MO TU WE TH FR",06:30:00 AM,06:30:00 PM,TRUE,TRUE,TRUE,FALSE,TRUE,TRUE,FALSE,FALSE,TRUE,FALSE,TRUE
"CCLC-30341","Primrose School of Lawrenceville North","625 Russell Road","Lawrenceville","GA",30043,"Felicia","Hines","(770) 962-9595",164,"JAN FEB MAR MAY JUN JUL AUG SEP OCT NOV DEC","MO TU WE TH FR",06:30:00 AM,06:30:00 PM,TRUE,TRUE,TRUE,TRUE,TRUE,TRUE,FALSE,TRUE,TRUE,FALSE,TRUE
"CCLC-754","Prodigy Point #1","3515 Sugarloaf Parkway","Lawrenceville","GA",30044,"Tammie","Paulus","(770) 963-2110",248,"JAN FEB MAR APR MAY JUN JUL AUG SEP OCT NOV DEC","MO TU WE TH FR",06:30:00 AM,06:30:00 PM,TRUE,TRUE,TRUE,TRUE,TRUE,TRUE,FALSE,TRUE,TRUE,FALSE,TRUE
"CCLC-32403","Sheltering Arms - Buford Drive Center","1470 Buford Drive","Lawrenceville","GA",30043,"Luisa","Vasquez","(678) 376-7479",173,"JAN FEB MAR APR MAY JUN JUL AUG SEP OCT NOV DEC","MO TU WE TH FR",06:30:00 AM,06:30:00 PM,TRUE,TRUE,TRUE,TRUE,TRUE,TRUE,FALSE,FALSE,FALSE,FALSE,FALSE
"CCLC-127","Sheltering Arms - Lillian Webb Center","405 N. Perry St.","Lawrenceville","GA",30046,"Deikel","Boyd","(770) 682-8025",115,"JAN FEB MAR APR MAY JUN JUL AUG SEP OCT NOV DEC","MO TU WE TH FR",06:30:00 AM,06:30:00 PM,TRUE,TRUE,TRUE,TRUE,TRUE,TRUE,FALSE,TRUE,TRUE,FALSE,FALSE
"CCLC-37962","Tabula Rasa The Language Academy  Inc","1430 Riverside Parkway","Lawrenceville","GA",30043,"Besa","Tarazhi","(404) 409-0827",226,"JAN FEB MAR APR MAY JUN JUL AUG SEP OCT NOV DEC","MO TU WE TH FR SA",07:00:00 AM,06:30:00 PM,TRUE,TRUE,TRUE,FALSE,TRUE,TRUE,FALSE,FALSE,FALSE,FALSE,FALSE
"CCLC-33284","The Chestnut Treehouse III","1593 Lawrenceville Hwy","Lawrenceville","GA",30044,"Candace","Christina","(770) 277-6877",115,"JAN FEB MAR APR MAY JUN JUL AUG SEP OCT NOV DEC","MO TU WE TH FR",06:00:00 AM,06:00:00 AM,TRUE,TRUE,TRUE,FALSE,TRUE,TRUE,FALSE,TRUE,TRUE,FALSE,FALSE
"CCLC-39417","The Meliora School #2","154 Johnson Road","Lawrenceville","GA",30046,"HEATHER","SMALL","(770) 995-9400",211,"JAN FEB MAR APR MAY JUN JUL AUG SEP OCT NOV DEC","MO TU WE TH FR",06:00:00 AM,06:30:00 PM,TRUE,TRUE,TRUE,TRUE,TRUE,TRUE,FALSE,TRUE,TRUE,FALSE,TRUE
"CCLC-153","The Sunshine House #75","208 Hurricane Shoals Road","Lawrenceville","GA",30046,"Sarah","Kirby","(770) 339-4666",123,"JAN FEB MAR APR MAY JUN JUL AUG SEP OCT NOV DEC","MO TU WE TH FR",06:00:00 AM,06:30:00 PM,TRUE,TRUE,TRUE,TRUE,TRUE,TRUE,FALSE,TRUE,TRUE,FALSE,TRUE
"CCLC-154","The Sunshine House #76","2840 Sugarloaf Pkwy","Lawrenceville","GA",30045,"Lori","Ellington","(770) 513-1000",147,"JAN FEB MAR APR MAY JUN JUL AUG SEP OCT NOV DEC","MO TU WE FR",06:30:00 AM,06:30:00 PM,TRUE,TRUE,TRUE,TRUE,TRUE,TRUE,FALSE,TRUE,TRUE,FALSE,TRUE
"CCLC-16542","Treehouse Academy","2740 Five Forks Trickum Road","Lawrenceville","GA",30044,"Penny","Holt","(770) 985-5438",128,"JAN FEB MAR APR MAY JUN JUL AUG SEP OCT NOV DEC","MO TU WE TH FR",06:00:00 AM,06:30:00 PM,TRUE,TRUE,TRUE,TRUE,TRUE,TRUE,FALSE,TRUE,TRUE,FALSE,TRUE
"CCLC-1965","UNITED CEREBRAL PALSY GREATER","882 Hi Hope Lane","Lawrenceville","GA",30043,"Trudy","Cyers","(770) 822-3444",25,"JAN FEB MAR APR MAY JUN JUL AUG SEP OCT NOV DEC","MO TU WE TH FR",06:00:00 AM,06:00:00 PM,FALSE,FALSE,TRUE,FALSE,TRUE,TRUE,FALSE,FALSE,TRUE,FALSE,TRUE
"CCLC-38609","YMCA After School at Baggett Elementary","2136 Old Norcross Road","Lawrenceville","GA",30044,"LORI","TIPPETT","(770) 513-5956",100,"JAN FEB MAR APR MAY AUG SEP OCT NOV DEC","MO TU WE TH FR",02:45:00 PM,06:30:00 PM,FALSE,FALSE,TRUE,FALSE,TRUE,TRUE,FALSE,FALSE,FALSE,FALSE,FALSE
"CCLC-26209","YMCA Prime Time @ Benefield Elementary","1221 Old Norcross Road","Lawrenceville","GA",30046,"Katherine","Argo","(770) 962-3771",50,"JAN FEB MAR APR MAY JUN AUG SEP OCT NOV DEC","MO TU WE TH FR",02:45:00 PM,06:30:00 PM,FALSE,FALSE,FALSE,FALSE,TRUE,TRUE,FALSE,FALSE,FALSE,FALSE,FALSE
"CCLC-23003","YMCA Primetime - Lovin Elementary","1705 New Hope Road","Lawrenceville","GA",30045,"Shannon","Campos","(678) 518-6940",152,"JAN FEB MAR APR MAY JUN AUG SEP OCT NOV DEC","MO TU WE TH FR",02:45:00 PM,06:30:00 PM,FALSE,FALSE,FALSE,FALSE,TRUE,TRUE,FALSE,FALSE,FALSE,FALSE,FALSE
"CCLC-37311","1st Creative Learning Academy #3","635 Exchange Place","Lilburn","GA",30047,"Bibi","Persaud","(678) 404-5573",143,"JAN FEB MAR APR MAY JUN JUL AUG SEP OCT NOV DEC","MO TU WE TH FR",06:00:00 AM,07:00:00 PM,TRUE,TRUE,TRUE,TRUE,TRUE,TRUE,FALSE,TRUE,TRUE,FALSE,TRUE
"CCLC-19930","5 Star Childcare & Learning Center","4492 Lilburn Industrial Way South","Lilburn","GA",30047,"Mahadai","Sahid","(770) 806-9212",110,"JAN FEB MAR APR MAY JUN JUL AUG SEP OCT NOV DEC","MO TU WE TH FR",06:30:00 AM,06:30:00 PM,TRUE,TRUE,TRUE,TRUE,TRUE,TRUE,FALSE,TRUE,TRUE,FALSE,TRUE
"CCLC-32724","Alfalah Academy","4805 Lawrenceville Hwy","Lilburn","GA",30047,"Jelena","Naim","(678) 502-7211",153,"JAN FEB MAR APR MAY JUN JUL AUG SEP OCT NOV DEC","MO TU WE TH FR",07:30:00 AM,06:00:00 AM,FALSE,FALSE,TRUE,FALSE,TRUE,TRUE,FALSE,FALSE,FALSE,FALSE,FALSE
"CCLC-1538","Childtime Childcare #1102","4050 Darling Ct.  SW","Lilburn","GA",30047,"Arnell","Fortier","(770) 381-5415",147,"JAN FEB MAR APR MAY JUN JUL AUG SEP OCT NOV DEC","MO TU WE TH FR",06:30:00 AM,06:30:00 PM,TRUE,TRUE,TRUE,TRUE,TRUE,TRUE,FALSE,TRUE,TRUE,FALSE,TRUE
"CCLC-32936","Creative Learning Development Christian Center","4654 Wynne Russell Dr.","Lilburn","GA",30047,"Ketris","Williams","(770) 638-8601",59,"JAN FEB MAR APR MAY JUN JUL AUG SEP OCT NOV DEC","MO TU WE TH FR",06:30:00 AM,06:30:00 PM,TRUE,TRUE,TRUE,TRUE,TRUE,TRUE,FALSE,TRUE,TRUE,FALSE,TRUE
"CCLC-2046","Dale Sikes Day School","614 Beaver Ruin Road","Lilburn","GA",30047,"Micki","Sikes","(770) 921-3993",213,"JAN FEB MAR APR MAY JUN JUL AUG SEP OCT NOV DEC","MO TU WE TH FR",07:00:00 AM,06:00:00 PM,FALSE,TRUE,TRUE,FALSE,TRUE,TRUE,FALSE,FALSE,TRUE,FALSE,TRUE
"CCLC-1718","Education Station","602 Rockbridge Rd.","Lilburn","GA",30047,"Jeanette","Ginyard","(770) 925-3115",134,"JAN FEB MAR APR MAY JUN JUL AUG SEP OCT NOV DEC","MO TU WE TH FR",06:30:00 AM,06:30:00 PM,TRUE,TRUE,TRUE,TRUE,TRUE,TRUE,FALSE,TRUE,TRUE,FALSE,TRUE
"CCLC-14445","Five Forks Academy","3079 Five Forks Trickum Rd.","Lilburn","GA",30047,"Rokeya","Stone","(770) 982-2000",179,"JAN FEB MAR APR MAY JUN JUL AUG SEP OCT NOV DEC","MO TU WE TH FR",06:30:00 AM,06:30:00 PM,TRUE,TRUE,TRUE,TRUE,TRUE,TRUE,FALSE,FALSE,TRUE,FALSE,TRUE
"CCLC-29134","Good Shepherd Preschool and Extended Day","1400 Killian Hill Road","Lilburn","GA",30047,"Janet","Martin","(770) 925-2411",129,"JAN FEB MAR APR MAY JUN JUL AUG SEP OCT NOV DEC","MO TU WE TH FR",07:30:00 AM,06:00:00 PM,FALSE,TRUE,TRUE,FALSE,TRUE,TRUE,FALSE,FALSE,TRUE,FALSE,TRUE
"CCLC-12506","Greater Works Fame Atlanta Academy","917 Killian Hill Road","Lilburn","GA",30047,"Jean","Robinson","(770) 921-3832",156,"JAN FEB MAR APR MAY JUN JUL AUG SEP OCT NOV DEC","MO TU WE TH FR",06:00:00 AM,06:30:00 PM,TRUE,TRUE,TRUE,FALSE,TRUE,TRUE,TRUE,TRUE,TRUE,FALSE,TRUE
"CCLC-1259","Kids 'R' Kids #44 GA","480 Pleasant Hill Rd.","Lilburn","GA",30047,"Teri","Hart-Moore","(770) 935-4000",268,"JAN FEB MAR APR MAY JUN JUL AUG SEP OCT NOV DEC","MO TU WE TH FR",06:30:00 AM,06:30:00 PM,TRUE,TRUE,TRUE,TRUE,TRUE,TRUE,FALSE,TRUE,TRUE,FALSE,TRUE
"CCLC-32794","KinderCare Learning Center (641 Rockbridge Rd.)","641 Rockbridge Rd.","Lilburn","GA",30047,"Andrea","Caison","(770) 279-2016",128,"JAN FEB MAR APR MAY JUN JUL AUG SEP OCT NOV DEC","MO TU WE TH FR",06:30:00 AM,06:30:00 PM,TRUE,TRUE,TRUE,TRUE,TRUE,TRUE,FALSE,FALSE,TRUE,FALSE,TRUE
"CCLC-35456","Legacy of Purpose Preparatory Academy Gwinnett","675 Pleasant Hill Road","Lilburn","GA",30047,"Tarece","Johnson","(770) 797-5246",124,"JAN FEB MAR APR MAY JUN JUL AUG SEP OCT NOV DEC","MO TU WE TH FR",07:00:00 AM,06:30:00 PM,FALSE,FALSE,TRUE,FALSE,TRUE,TRUE,FALSE,FALSE,FALSE,FALSE,FALSE
"CCLC-483","Little Adorables Child Care Center","5382 Lawrenceville Hwy","Lilburn","GA",30047,"Ibi","Odusanya","(770) 925-0013",73,"JAN FEB MAR APR MAY JUN JUL AUG SEP OCT NOV DEC","MO TU WE TH FR",06:30:00 AM,06:30:00 PM,TRUE,TRUE,TRUE,TRUE,TRUE,TRUE,FALSE,FALSE,TRUE,FALSE,TRUE
"CCLC-13415","Onward Daycare and Child Development Center","335 Arcado Rd","Lilburn","GA",30047,"Dipo","Adepoju","(678) 205-6768",102,"JAN FEB MAR APR MAY JUN JUL AUG SEP OCT NOV DEC","MO TU WE TH FR",06:30:00 AM,06:30:00 PM,TRUE,TRUE,TRUE,TRUE,TRUE,TRUE,FALSE,TRUE,TRUE,FALSE,TRUE
"CCLC-324","Seven Oaks Academy","810 Indian Trail Road","Lilburn","GA",30047,"Nainesh","Amin","(770) 564-0470",248,"JAN FEB MAR APR MAY JUN JUL AUG SEP OCT NOV DEC","MO TU WE TH FR",06:00:00 AM,07:00:00 PM,TRUE,TRUE,FALSE,TRUE,TRUE,TRUE,FALSE,TRUE,TRUE,FALSE,TRUE
"CCLC-151","The Sunshine House #73","970 Oak Rd","Lilburn","GA",30047,"Jenelle","Freeman","(770) 972-7775",185,"JAN FEB MAR APR MAY JUN JUL AUG SEP OCT NOV DEC","MO TU WE TH FR",06:30:00 AM,06:30:00 PM,TRUE,TRUE,TRUE,TRUE,TRUE,TRUE,FALSE,TRUE,TRUE,FALSE,TRUE
"CCLC-2244","TLC For Kids","1826 Killian Hill Road","Lilburn","GA",30047,"Brenda","Moody","(770) 972-4418",50,"JAN FEB MAR APR MAY JUN JUL AUG SEP OCT NOV DEC","MO TU WE TH FR",06:30:00 AM,06:30:00 PM,FALSE,FALSE,FALSE,FALSE,TRUE,TRUE,FALSE,FALSE,TRUE,FALSE,FALSE
"CCLC-29159","YMCA Primetime @ G.H. Hopkins Elementary","1315 Dickens Road","Lilburn","GA",30047,"Keisha","Smith","(770) 246-9622",54,"JAN FEB MAR APR MAY AUG SEP OCT NOV DEC","MO TU WE TH FR",02:30:00 PM,06:30:00 PM,FALSE,FALSE,FALSE,FALSE,TRUE,TRUE,FALSE,FALSE,FALSE,FALSE,FALSE
"CCLC-37110","Young World Child Care & Learning Center","5364 Five Forks Trickum Road","Lilburn","GA",30047,"Adaugo","Chigbu","(770) 921-3888",98,"JAN FEB MAR APR MAY JUN JUL AUG SEP OCT NOV DEC","MO TU WE TH FR",06:00:00 AM,06:30:00 PM,TRUE,TRUE,TRUE,TRUE,TRUE,TRUE,FALSE,TRUE,TRUE,FALSE,TRUE
"CCLC-24259","Five Star Academy","97 Ozora Rd.","Loganville","GA",30052,"Julie","Holzmeister","(678) 638-7827",187,"JAN FEB MAR APR MAY JUN JUL AUG SEP OCT NOV DEC","MO TU WE TH FR",06:30:00 AM,06:30:00 PM,TRUE,TRUE,TRUE,TRUE,TRUE,TRUE,FALSE,FALSE,FALSE,FALSE,TRUE
"CCLC-827","Kids Harbor of Bay Creek","315 Cooper Rd.","Loganville","GA",30052,"Chrissy","Welbron","(678) 376-5115",184,"JAN FEB MAR APR MAY JUN JUL AUG SEP OCT NOV DEC","MO TU WE TH FR",06:00:00 AM,06:30:00 PM,TRUE,TRUE,TRUE,TRUE,TRUE,TRUE,FALSE,FALSE,TRUE,FALSE,TRUE
"CCLC-37785","Kids Harbor of Rosebud","3058 Rosebud Road","Loganville","GA",30052,"Jennifer","Hays","(770) 978-5588",236,"JAN FEB MAR APR MAY JUN JUL AUG SEP OCT NOV DEC","MO TU WE TH FR",06:00:00 AM,06:30:00 PM,TRUE,TRUE,TRUE,TRUE,TRUE,TRUE,FALSE,FALSE,TRUE,FALSE,TRUE
"CCLC-158","The Sunshine House #80","3238 Brushy Drive","Loganville","GA",30052,"Kimberly","Free","(770) 466-2433",223,"JAN FEB MAR APR MAY JUN JUL AUG SEP OCT NOV DEC","MO TU WE TH FR",06:00:00 AM,06:30:00 PM,TRUE,TRUE,TRUE,TRUE,TRUE,TRUE,FALSE,TRUE,TRUE,FALSE,TRUE
"CCLC-10823","YMCA Prime Time at Cooper Elementary","555 Ozora Road","Loganville","GA",30052,"Faun","Branch","(770) 554-7050",50,"JAN FEB MAR APR MAY JUN JUL AUG SEP OCT NOV DEC","MO TU WE TH FR",06:30:00 AM,06:30:00 PM,FALSE,FALSE,FALSE,FALSE,TRUE,TRUE,FALSE,FALSE,TRUE,FALSE,FALSE
"CCLC-22766","1st Creative Learning Academy #2","2527 Old Rockbridge Rd.","Norcross","GA",30071,"Bibi","Persaud","(770) 448-1066",56,"JAN FEB MAR APR MAY JUN JUL AUG SEP OCT NOV DEC","MO TU WE TH FR",06:30:00 AM,06:30:00 PM,TRUE,TRUE,TRUE,TRUE,TRUE,TRUE,FALSE,TRUE,TRUE,FALSE,TRUE
"CCLC-37559","Alpha Preparatory Academy II","350 W. Peachtree St","Norcross","GA",30071,"Cera","Wallace","(470) 395-0767",147,"JAN FEB MAR APR MAY JUN JUL AUG SEP OCT NOV DEC","MO TU WE TH FR",06:00:00 AM,06:30:00 PM,TRUE,TRUE,TRUE,TRUE,TRUE,TRUE,FALSE,FALSE,FALSE,FALSE,FALSE
"CCLC-743","American Learning Centers","5598 Singleton Road","Norcross","GA",30093,"Minaz","Lakdawala","(770) 925-3181",200,"JAN FEB MAR APR MAY JUN JUL AUG SEP OCT NOV DEC","MO TU WE TH FR",06:30:00 AM,06:30:00 PM,TRUE,TRUE,TRUE,TRUE,TRUE,TRUE,FALSE,TRUE,TRUE,FALSE,TRUE
"CCLC-31843","Boswell Edward Academy Campus II","3159 Campus Dr. Bldg. 100","Norcross","GA",30071,"Constance","Odom","(770) 840-8838",100,"JAN FEB MAR APR MAY JUN JUL AUG SEP OCT NOV DEC","MO TU WE TH FR",06:00:00 AM,07:00:00 PM,TRUE,TRUE,TRUE,TRUE,TRUE,TRUE,FALSE,TRUE,FALSE,FALSE,TRUE
"CCLC-1462","Childcare Network #134","2374 Beaver Ruin Road","Norcross","GA",30071,"Tameka","Williamson","(770) 662-3009",234,"JAN FEB MAR APR MAY JUN JUL AUG SEP OCT NOV DEC","MO TU WE TH FR",06:30:00 AM,06:30:00 PM,TRUE,TRUE,TRUE,TRUE,TRUE,TRUE,FALSE,TRUE,TRUE,FALSE,TRUE
"CCLC-35962","Country Brook Montessori School","2175 North Norcross-Tucker Rd.","Norcross","GA",30071,"Jim","Parsons","(770) 446-2397",127,"JAN FEB MAR APR MAY JUN JUL AUG SEP OCT NOV DEC","MO TU WE TH FR",07:30:00 AM,06:30:00 PM,FALSE,TRUE,TRUE,FALSE,TRUE,TRUE,FALSE,FALSE,FALSE,FALSE,FALSE
"CCLC-3127","Creme de la Creme","4785 PEACHTREE CORNERS CIRCLE","Norcross","GA",30092,"Vicki","Nolan","(770) 409-0000",150,"JAN FEB MAR APR MAY JUN JUL AUG SEP OCT NOV DEC","MO TU WE TH FR",06:30:00 AM,07:00:00 PM,TRUE,TRUE,TRUE,FALSE,TRUE,TRUE,FALSE,TRUE,TRUE,FALSE,TRUE
"CCLC-37773","Early Minds Academy #4","2341 Beaver Ruin Road","Norcross","GA",30071,"ISABELLE","OKOLE","(770) 263-1981",89,"JAN FEB MAR APR MAY JUN JUL AUG SEP OCT NOV DEC","MO TU WE TH FR",06:00:00 AM,07:00:00 PM,TRUE,TRUE,TRUE,FALSE,FALSE,TRUE,FALSE,TRUE,FALSE,FALSE,FALSE
"CCLC-37761","Faith International Academy","5210 Spalding Drive","Norcross","GA",30092,"Senait","McKinney","(770) 840-0775",36,"JAN FEB MAR APR MAY JUN JUL AUG SEP OCT NOV DEC","MO TU WE TH FR",06:30:00 AM,07:00:00 PM,TRUE,TRUE,TRUE,FALSE,TRUE,TRUE,FALSE,FALSE,FALSE,FALSE,FALSE
"CCLC-29175","Fresh Start Learning Academy","6375 Spalding Dr.  Ste M","Norcross","GA",30092,"Della","Avent","(770) 441-2422",70,"JAN FEB MAR APR MAY AUG SEP OCT NOV DEC","MO TU WE TH FR",06:30:00 AM,06:30:00 AM,TRUE,TRUE,TRUE,TRUE,TRUE,TRUE,FALSE,TRUE,TRUE,FALSE,FALSE
"CCLC-340","Harmony Academy","3449 Holcomb Bridge Road","Norcross","GA",30092,"Annielle","Richardson","(770) 248-1928",105,"JAN FEB MAR APR MAY JUN JUL AUG SEP OCT NOV DEC","MO TU WE TH FR",06:30:00 AM,06:30:00 PM,TRUE,TRUE,TRUE,TRUE,TRUE,TRUE,FALSE,TRUE,TRUE,FALSE,TRUE
"CCLC-28928","Kids 'R Kids #12","5000 Oakbrook Parkway","Norcross","GA",30093,"Stacy","Woodard","(770) 279-8500",237,"JAN FEB MAR APR MAY JUN JUL AUG SEP OCT NOV DEC","MO TU WE TH FR",06:00:00 AM,06:30:00 PM,TRUE,TRUE,TRUE,TRUE,TRUE,TRUE,FALSE,TRUE,TRUE,FALSE,TRUE
"CCLC-3459","Kids 'R' Kids #15","3180 Medlock Bridge Road","Norcross","GA",30071,"Eunice","Campbell","(770) 446-8700",239,"JAN FEB MAR APR MAY JUN JUL AUG SEP OCT NOV DEC","MO TU WE TH FR",06:00:00 AM,06:30:00 PM,TRUE,TRUE,TRUE,TRUE,TRUE,TRUE,FALSE,TRUE,TRUE,FALSE,TRUE
"CCLC-32797","KinderCare Learning Center (1152 Rockbridge Rd.)","1152 Rockbridge Rd.","Norcross","GA",30093,"Taneisha","Walker","(770) 925-3144",120,"JAN FEB MAR APR MAY JUN JUL AUG SEP OCT NOV DEC","MO TU WE TH FR",06:30:00 AM,06:30:00 PM,TRUE,TRUE,TRUE,TRUE,TRUE,TRUE,FALSE,TRUE,TRUE,FALSE,TRUE
"CCLC-1741","King David Academy","5054 Singleton Rd.","Norcross","GA",30093,"Khano","Aranbayeva","(770) 931-8591",73,"JAN FEB MAR APR MAY JUN JUL AUG SEP OCT NOV DEC","MO TU WE TH FR",07:00:00 AM,06:00:00 PM,TRUE,TRUE,TRUE,TRUE,FALSE,TRUE,FALSE,TRUE,TRUE,FALSE,FALSE
"CCLC-885","La Petite Academy - Crooked Creek","6275 Crooked Creek Rd.","Norcross","GA",30092,"Shevann","Walden","(770) 417-1762",151,"JAN FEB MAR APR MAY JUN JUL AUG SEP OCT NOV DEC","MO TU WE TH FR",06:30:00 AM,06:30:00 PM,TRUE,TRUE,TRUE,TRUE,TRUE,TRUE,FALSE,TRUE,TRUE,FALSE,TRUE
"CCLC-891","La Petite Academy - Indian Trail","1231 Indian Trail Lilburn Rd.","Norcross","GA",30093,"Wendy","Mccalmon","(770) 925-0614",108,"JAN FEB MAR APR MAY JUN JUL AUG SEP OCT NOV DEC","MO TU WE TH FR",06:30:00 AM,06:30:00 PM,TRUE,TRUE,TRUE,TRUE,TRUE,TRUE,FALSE,TRUE,TRUE,FALSE,TRUE
"CCLC-26968","Legacy Academy Berkeley Lake","4565 Peachtree Industrial Blvd","Norcross","GA",30092,"Ami","Bombardieri","(770) 573-1700",254,"JAN FEB MAR APR MAY JUN JUL AUG SEP OCT NOV DEC","MO TU WE TH FR",06:30:00 AM,06:30:00 PM,TRUE,TRUE,TRUE,TRUE,TRUE,TRUE,FALSE,FALSE,TRUE,FALSE,TRUE
"CCLC-676","Norcross Human Services Cluster","5030 Georgia Belle Court  Suite 1069","Norcross","GA",30093,"Jeanetta","Hampton","(770) 638-5840",200,"JAN FEB MAR APR MAY AUG SEP OCT NOV DEC","MO TU WE TH FR",08:00:00 AM,02:30:00 PM,FALSE,FALSE,TRUE,TRUE,FALSE,TRUE,FALSE,FALSE,FALSE,FALSE,FALSE
"CCLC-4053","PRIME TIME - MEADOWCREEK ELEMENTARY SCHOOL","5025 GEORGIA BELLE COURT","Norcross","GA",30093,"Keisha","Smith","(770) 246-9622",150,"JAN FEB MAR APR MAY JUN SEP OCT NOV DEC","MO TU WE TH FR",02:30:00 PM,06:30:00 PM,FALSE,FALSE,FALSE,FALSE,TRUE,TRUE,FALSE,FALSE,FALSE,FALSE,TRUE
"CCLC-2442","Prime Time - Robert D Fowler","5600 West Jones Bridge Road","Norcross","GA",30092,"Keisha","Smith","(770) 246-9622",170,"JAN FEB MAR APR MAY JUN SEP OCT NOV DEC","MO TU WE TH FR",02:30:00 PM,06:30:00 PM,FALSE,FALSE,FALSE,FALSE,TRUE,TRUE,FALSE,FALSE,FALSE,FALSE,TRUE
"CCLC-2508","PRIME TIME - STRIPLING","6155 ATLANTIC BOULEVARD","Norcross","GA",30071,"Keisha","Smith","(770) 246-9622",150,"JAN FEB MAR APR MAY JUN SEP OCT NOV DEC","MO TU WE TH FR",02:30:00 PM,06:30:00 PM,FALSE,FALSE,FALSE,FALSE,TRUE,TRUE,FALSE,FALSE,FALSE,FALSE,TRUE
"CCLC-130","Sheltering Arms - Norcross Center","5360 Old Norcross Road","Norcross","GA",30071,"Sherlita","Lawrence","(770) 263-6595",110,"JAN FEB MAR APR MAY JUN AUG SEP OCT NOV DEC","MO TU WE TH FR",06:30:00 AM,06:30:00 PM,TRUE,TRUE,TRUE,TRUE,TRUE,TRUE,FALSE,TRUE,TRUE,FALSE,FALSE
"CCLC-38452","Simply the Best Academy","4220 Jimmy Carter Blvd","Norcross","GA",30093,"Margaret","Mathis","(678) 395-7300",166,"JAN FEB MAR APR MAY JUN JUL AUG SEP OCT NOV DEC","MO TU WE TH FR",06:30:00 AM,07:00:00 PM,FALSE,TRUE,TRUE,TRUE,TRUE,TRUE,FALSE,TRUE,TRUE,FALSE,FALSE
"CCLC-39265","Sprouts","85 Bostic Street","Norcross","GA",30071,"Lisa","Johnson","(770) 416-7930",12,"JAN FEB MAR APR MAY JUN JUL AUG SEP OCT NOV DEC","MO TU WE TH FR",06:30:00 AM,06:30:00 PM,TRUE,TRUE,TRUE,FALSE,TRUE,TRUE,FALSE,FALSE,FALSE,FALSE,FALSE
"CCLC-445","Stepping Stones Child Development Center","5176 Old Norcross Rd.","Norcross","GA",30071,"Zaleaka","Childs","(770) 446-2464",76,"JAN FEB MAR APR MAY JUN JUL AUG SEP OCT NOV DEC","MO TU WE TH FR",06:30:00 AM,06:30:00 PM,TRUE,TRUE,TRUE,TRUE,TRUE,TRUE,FALSE,TRUE,FALSE,FALSE,FALSE
"CCLC-30381","The Goddard School","5055 Peachtree Pkwy","Norcross","GA",30092,"Sharon","Washington","(770) 446-7939",158,"JAN FEB MAR APR MAY JUN JUL AUG SEP OCT NOV DEC","MO TU WE TH FR",06:30:00 AM,06:30:00 PM,TRUE,TRUE,TRUE,FALSE,TRUE,TRUE,FALSE,FALSE,TRUE,FALSE,TRUE
"CCLC-67","The Sunshine House #161","5970 Crooked Creek Rd.","Norcross","GA",30092,"Stephanie","Harrison","(770) 447-1964",130,"JAN FEB MAR APR MAY JUN JUL AUG SEP OCT NOV DEC","MO TU WE TH FR",06:30:00 AM,06:30:00 PM,FALSE,TRUE,TRUE,TRUE,TRUE,TRUE,FALSE,TRUE,TRUE,FALSE,TRUE
"CCLC-162","The Sunshine House #92","5470 Spalding Dr","Norcross","GA",30092,"Maria","Moor","(770) 840-7404",153,"JAN FEB MAR APR MAY JUN JUL AUG SEP OCT NOV DEC","MO TU WE TH FR",06:30:00 AM,06:30:00 PM,TRUE,TRUE,TRUE,TRUE,TRUE,TRUE,FALSE,TRUE,TRUE,FALSE,TRUE
"CCLC-766","Primrose School at Peachtree Corners","6325 Primrose Hill Court","Peachtree Corners","GA",30092,"Mary","Petrush","(770) 409-8732",132,"JAN FEB MAR APR MAY JUN JUL AUG SEP OCT NOV DEC","MO TU WE TH FR",06:30:00 AM,06:30:00 PM,TRUE,TRUE,TRUE,FALSE,TRUE,TRUE,FALSE,FALSE,TRUE,FALSE,TRUE
"CCLC-37117","A Mother's Love 24 Hour Learning Center LLC","2841 West Main Street","Snellville","GA",30078,"Temekia","Prince","(770) 978-2800",59,"JAN FEB MAR APR MAY JUN JUL AUG SEP OCT NOV DEC","MO TU WE TH FR",06:00:00 AM,07:00:00 PM,TRUE,TRUE,TRUE,FALSE,TRUE,TRUE,FALSE,FALSE,FALSE,FALSE,TRUE
"CCLC-33565","A-Class Scholars Child Development","3320 Centerville Hwy 124","Snellville","GA",30039,"Erma","Belin","(770) 978-0523",107,"JAN FEB MAR APR MAY JUN JUL AUG SEP OCT NOV DEC","MO TU WE TH FR",06:00:00 AM,07:00:00 PM,TRUE,TRUE,TRUE,TRUE,TRUE,TRUE,FALSE,FALSE,TRUE,FALSE,TRUE
"CCLC-33136","Alpha Preparatory Academy","4462 Mink Livsey Road","Snellville","GA",30039,"Cera","Wallace","(770) 929-3155",58,"JAN FEB MAR APR MAY JUN JUL AUG SEP OCT NOV DEC","MO TU WE TH FR SA",06:00:00 AM,06:30:00 PM,TRUE,TRUE,TRUE,FALSE,TRUE,TRUE,FALSE,FALSE,TRUE,FALSE,TRUE
"CCLC-3942","Cannon Afterschool","2424 Webb Gin House Road","Snellville","GA",30078,"Sherrye","Beebe","(770) 972-5463",100,"JAN FEB MAR APR MAY AUG SEP OCT NOV DEC","MO TU WE TH FR",03:00:00 PM,06:00:00 PM,FALSE,FALSE,FALSE,FALSE,TRUE,TRUE,FALSE,TRUE,FALSE,FALSE,TRUE
"CCLC-35252","Childcare Network #209","2985 Xavier Ray Court","Snellville","GA",30039,"Dawn","Washington","(770) 972-7774",217,"JAN FEB MAR APR MAY JUN JUL AUG SEP OCT NOV DEC","MO TU WE TH FR",06:30:00 AM,06:30:00 PM,TRUE,TRUE,TRUE,TRUE,TRUE,TRUE,FALSE,TRUE,TRUE,FALSE,TRUE
"CCLC-1543","Childtime Childcare #1150","2230 Hewatt Road","Snellville","GA",30039,"Kimberly","Carroll","(770) 972-5286",147,"JAN FEB MAR APR MAY JUN JUL AUG SEP OCT NOV DEC","MO TU WE TH FR",06:00:00 AM,07:00:00 PM,TRUE,TRUE,TRUE,TRUE,TRUE,TRUE,FALSE,TRUE,TRUE,FALSE,TRUE
"CCLC-28415","Destined for Greatness Academy","3721 Zoar Road","Snellville","GA",30039,"Vera","Anderson","(770) 736-3414",136,"JAN FEB MAR APR MAY JUN JUL AUG SEP OCT NOV DEC","MO TU WE TH FR",06:00:00 AM,07:00:00 PM,TRUE,TRUE,TRUE,TRUE,TRUE,TRUE,FALSE,TRUE,FALSE,FALSE,FALSE
"CCLC-38312","Destined for Greatness Academy II","2845 Centerville Highway","Snellville","GA",30078,"Vera","Anderson","(470) 395-5834",245,"JAN FEB MAR APR MAY JUN JUL AUG SEP OCT NOV DEC","MO TU WE TH FR",06:00:00 AM,07:00:00 PM,TRUE,TRUE,TRUE,FALSE,TRUE,TRUE,FALSE,FALSE,FALSE,FALSE,TRUE
"CCLC-37567","Discovery Point #1","3775 Zoar Rd.","Snellville","GA",30039,"Melissa","Singley","(770) 985-9555",187,"JAN FEB MAR APR MAY JUN JUL AUG SEP OCT NOV DEC","MO TU WE TH FR",06:00:00 AM,07:00:00 PM,TRUE,TRUE,TRUE,TRUE,TRUE,TRUE,FALSE,TRUE,TRUE,FALSE,TRUE
"CCLC-25727","Kids 'R' Kids #25","2360 Ronald Reagan Parkway","Snellville","GA",30078,"Mona","Roberts","(770) 979-6767",274,"JAN FEB MAR APR MAY JUN JUL AUG SEP OCT NOV DEC","MO TU WE TH FR",06:00:00 AM,06:30:00 PM,TRUE,TRUE,TRUE,TRUE,TRUE,TRUE,FALSE,TRUE,TRUE,FALSE,TRUE
"CCLC-39411","Kids 'R' Kids 33GA","2950 Centerville Highway","Snellville","GA",30078,"Jennifer","Christein","(770) 279-7777",275,"JAN FEB MAR APR MAY JUN JUL AUG SEP OCT NOV DEC","MO TU WE TH FR",06:00:00 AM,06:30:00 PM,TRUE,TRUE,TRUE,TRUE,TRUE,TRUE,FALSE,TRUE,TRUE,FALSE,TRUE
"CCLC-900","La Petite Academy - Scenic","2154 Scenic Hwy.  N","Snellville","GA",30078,"Mary","Lyons","(770) 972-2724",117,"JAN FEB MAR APR MAY JUN JUL AUG SEP OCT NOV DEC","MO TU WE TH FR",06:15:00 AM,06:30:00 PM,TRUE,TRUE,TRUE,TRUE,TRUE,TRUE,FALSE,TRUE,TRUE,FALSE,TRUE
"CCLC-36557","Learning Hive Kids Club","3076 Lenora Church Road","Snellville","GA",30078,"Monique ","Blackwood","(470) 299-4347",55,"JAN FEB MAR APR MAY JUN JUL AUG SEP OCT NOV DEC","MO TU WE TH FR",06:00:00 AM,07:00:00 PM,FALSE,FALSE,TRUE,FALSE,TRUE,TRUE,FALSE,TRUE,TRUE,FALSE,TRUE
"CCLC-26485","Legacy Academy Snellville","1560 Summit Chase Drive","Snellville","GA",30078,"Sue","Shinn","(770) 982-5530",253,"JAN FEB MAR APR MAY JUN JUL AUG SEP OCT NOV DEC","MO TU WE TH FR",06:30:00 AM,06:30:00 PM,TRUE,TRUE,TRUE,TRUE,TRUE,TRUE,FALSE,TRUE,TRUE,FALSE,TRUE
"CCLC-23219","Meadowbrook Montessori School","2125 North Road","Snellville","GA",30078,"Barbara","Muir","(770) 982-3950",46,"JAN FEB MAR APR MAY JUN JUL AUG SEP OCT NOV DEC","MO TU WE TH FR",07:00:00 AM,06:00:00 PM,TRUE,TRUE,TRUE,FALSE,TRUE,TRUE,FALSE,FALSE,FALSE,FALSE,FALSE
"CCLC-35611","Montessori School of Snellville at Childcare Network #234","2350 Wisteria Dr.","Snellville","GA",30078,"Jennifer","Shook","(770) 979-0500",97,"JAN FEB MAR APR MAY JUN JUL AUG SEP OCT NOV DEC","MO TU WE TH FR",06:30:00 AM,06:00:00 PM,FALSE,TRUE,TRUE,TRUE,TRUE,TRUE,FALSE,TRUE,TRUE,FALSE,TRUE
"CCLC-37545","New Beginnings Child Development Center","3555 Lee Rd.  SW","Snellville","GA",30039,"Candice","Martin","(770) 679-9260",112,"JAN FEB MAR APR MAY JUN JUL AUG SEP OCT NOV DEC","MO TU WE TH FR",06:30:00 AM,06:30:00 PM,TRUE,TRUE,TRUE,TRUE,TRUE,TRUE,FALSE,TRUE,TRUE,FALSE,TRUE
"CCLC-28071","The Children's Port Child Care Learning Center","2161 Scenic Hwy","Snellville","GA",30078,"Mignon","Stewart","(770) 979-2914",29,"JAN FEB MAR APR MAY JUN JUL AUG SEP OCT NOV DEC","MO TU WE TH FR SA",06:00:00 AM,12:00:00 AM,TRUE,TRUE,TRUE,FALSE,TRUE,TRUE,TRUE,FALSE,FALSE,FALSE,FALSE
"CCLC-22821","The Goddard School","1565 Janmar Road","Snellville","GA",30078,"Kathleen","Hutcherson","(678) 344-0042",152,"JAN FEB MAR APR MAY JUN JUL AUG SEP OCT NOV DEC","MO TU WE TH FR",06:30:00 AM,06:30:00 PM,TRUE,TRUE,TRUE,FALSE,TRUE,TRUE,FALSE,FALSE,TRUE,FALSE,TRUE
"CCLC-137","The Sunshine House #102","3785 Zoar Road","Snellville","GA",30039,"Kay","Holiday","(770) 972-4499",141,"JAN FEB MAR APR MAY JUN JUL AUG SEP OCT NOV DEC","MO TU WE TH FR",06:00:00 AM,07:00:00 PM,TRUE,TRUE,TRUE,TRUE,TRUE,TRUE,FALSE,TRUE,TRUE,FALSE,TRUE
"CCLC-150","The Sunshine House #71","2931 West Main St  Hwy 78","Snellville","GA",30078,"Monique","Smith","(770) 972-2111",158,"JAN FEB MAR APR MAY JUN JUL AUG SEP OCT NOV DEC","MO TU WE TH FR",06:00:00 AM,07:00:00 PM,TRUE,TRUE,TRUE,TRUE,FALSE,TRUE,FALSE,TRUE,TRUE,FALSE,TRUE
"CCLC-152","The Sunshine House #74","3679 Hwy 124","Snellville","GA",30039,"Charese","Davis","(770) 972-1117",183,"JAN FEB MAR APR MAY JUN AUG SEP OCT NOV DEC","MO TU WE TH FR",06:00:00 AM,07:00:00 PM,TRUE,TRUE,TRUE,TRUE,TRUE,TRUE,FALSE,TRUE,TRUE,FALSE,TRUE
"CCLC-2176","Westminster Children's Weekday Ministries","2208 E. MAIN STREET","Snellville","GA",30078,"Leandre","Browne","(770) 979-9676",135,"JAN FEB MAR APR MAY JUN JUL AUG SEP OCT NOV DEC","MO TU WE TH FR",06:30:00 AM,06:15:00 PM,TRUE,TRUE,TRUE,FALSE,TRUE,TRUE,FALSE,FALSE,TRUE,FALSE,FALSE
"CCLC-31732","ABC Early Learning Academy @ Stone Mountain","1800 E. Park Place Blvd.","Stone Mountain","GA",30087,"Darla","Williams","(770) 465-3434",84,"JAN FEB MAR APR MAY JUN JUL AUG SEP OCT NOV DEC","MO TU WE TH FR",06:00:00 PM,07:00:00 PM,TRUE,TRUE,TRUE,FALSE,TRUE,TRUE,FALSE,TRUE,FALSE,FALSE,FALSE
"CCLC-29181","Montessori School at Lilburn","1208 Rockbridge Road","Stone Mountain","GA",30087,"Rahima","Sandhya","(678) 380-5675",78,"JAN FEB MAR APR MAY JUN JUL AUG SEP OCT NOV DEC","MO TU WE TH FR",07:30:00 AM,06:00:00 PM,TRUE,TRUE,TRUE,FALSE,TRUE,TRUE,FALSE,FALSE,FALSE,FALSE,FALSE
"CCLC-1126","Mountain Park Academy & Learning Center","1250 Old Tucker Road","Stone Mountain","GA",30087,"Harry","Patel","(770) 279-7700",188,"JAN FEB MAR APR MAY JUN JUL AUG SEP OCT NOV DEC","MO TU WE TH FR",06:00:00 AM,06:30:00 PM,TRUE,TRUE,TRUE,FALSE,TRUE,TRUE,FALSE,TRUE,TRUE,FALSE,TRUE
"CCLC-17654","Prime Care Learning Center III","2115 Rockbridge Road","Stone Mountain","GA",30087,"Cecilia","Okoma","(770) 469-2000",173,"JAN FEB MAR APR MAY JUN JUL AUG SEP OCT NOV DEC","MO TU WE TH FR",06:00:00 AM,07:00:00 PM,TRUE,TRUE,TRUE,TRUE,TRUE,TRUE,FALSE,TRUE,TRUE,FALSE,TRUE
"CCLC-38377","Tantrums Teaching our Tots LLC","2055 Rockbridge Road SW","Stone Mountain","GA",30087,"Fatamia","Long","(770) 879-1818",30,"JAN FEB MAR APR MAY JUN JUL AUG SEP OCT NOV DEC","MO TU WE TH FR",06:30:00 AM,06:30:00 PM,TRUE,TRUE,TRUE,FALSE,TRUE,TRUE,FALSE,TRUE,TRUE,FALSE,FALSE
"CCLC-641","The Harvest School","2730 N. Deshong Road","Stone Mountain","GA",30087,"Cristina","Lumpris","(770) 498-7051",145,"JAN FEB MAR APR MAY JUN JUL AUG SEP OCT NOV DEC","MO TU WE TH FR",06:30:00 AM,06:30:00 PM,TRUE,TRUE,FALSE,TRUE,TRUE,TRUE,FALSE,TRUE,TRUE,FALSE,TRUE
"CCLC-105","The Sunshine House #78","5060 Annistown Rd","Stone Mountain","GA",30087,"Loni","Smith","(770) 469-1333",125,"JAN FEB MAR APR MAY JUN JUL AUG SEP OCT NOV DEC","MO TU WE TH FR",06:30:00 AM,06:30:00 PM,TRUE,TRUE,TRUE,TRUE,TRUE,TRUE,FALSE,FALSE,TRUE,FALSE,TRUE
"CCLC-4139","Voices of Faith Academy","2540 Rockbridge Road","Stone Mountain","GA",30087,"Mia","Hawkins","(770) 465-4172",173,"JAN FEB MAR APR MAY JUN JUL AUG SEP OCT NOV DEC","MO TU WE TH FR",06:30:00 AM,06:30:00 PM,TRUE,TRUE,TRUE,TRUE,TRUE,TRUE,FALSE,FALSE,TRUE,FALSE,TRUE
"CCLC-37043","Crimson Academy","1400 Buford Hwy. Bldg T-3","Sugar Hill","GA",30518,"Monica","Scott","(770) 271-6865",105,"JAN FEB MAR APR MAY JUN JUL AUG SEP OCT NOV DEC","MO TU WE TH FR",06:30:00 AM,06:30:00 PM,TRUE,TRUE,TRUE,TRUE,TRUE,TRUE,FALSE,TRUE,TRUE,FALSE,TRUE
"CCLC-18401","Discovery Point Child Development Center #19","5864 Henry Bailey Rd.","Sugar Hill","GA",30518,"Michelle","Costa","(678) 482-8101",233,"JAN FEB MAR APR MAY JUN JUL AUG SEP OCT NOV DEC","MO TU WE TH FR",06:30:00 PM,06:30:00 PM,TRUE,TRUE,TRUE,TRUE,TRUE,TRUE,FALSE,TRUE,FALSE,FALSE,TRUE
"CCLC-548","Great Beginnings of Sugar Hill","1191 Level Creek Road","Sugar Hill","GA",30518,"Charlotte","Sigler","(770) 945-3995",410,"JAN FEB MAR APR MAY JUN JUL AUG SEP OCT NOV DEC","MO TU WE TH FR",06:30:00 AM,06:30:00 PM,TRUE,TRUE,TRUE,TRUE,TRUE,TRUE,FALSE,TRUE,TRUE,FALSE,TRUE
"CCLC-39189","Little Peoples Play Center","4928 Hidden Branch","Sugar Hill","GA",30518,"Joann","Young","(770) 945-1106",15,"JAN FEB MAR APR MAY JUN JUL AUG SEP OCT NOV DEC","MO TU WE TH FR",06:00:00 AM,06:00:00 PM,TRUE,TRUE,TRUE,FALSE,TRUE,TRUE,TRUE,TRUE,TRUE,FALSE,TRUE
"CCLC-38142","Rainbow Child Care Center-SGl","4540 Nelson Brogdon Boulevard","Sugar Hill","GA",30518,"Melinda","Gilbert","(678) 482-2356",126,"JAN FEB MAR APR MAY JUN JUL AUG SEP OCT NOV DEC","MO TU WE TH FR",06:30:00 AM,06:30:00 PM,TRUE,TRUE,TRUE,FALSE,TRUE,TRUE,FALSE,FALSE,TRUE,FALSE,FALSE
"CCLC-37208","Stepping Stone Montessori of Sugar Hill","65 Peachtree Industrial Boulevard","Sugar Hill","GA",30518,"Mark","Berger","(770) 614-4310",101,"JAN FEB MAR APR MAY JUN JUL AUG SEP OCT NOV DEC","MO TU WE TH FR",06:30:00 AM,06:30:00 PM,TRUE,TRUE,TRUE,FALSE,TRUE,TRUE,FALSE,FALSE,FALSE,FALSE,FALSE
"CCLC-29908","Sugar Hill Child Development Center","6007 Suwanee Dam Rd.","Sugar Hill","GA",30518,"Jamie","Murphy","(678) 889-4842",167,"JAN FEB MAR APR MAY JUN JUL AUG SEP OCT NOV DEC","MO TU WE TH FR",06:30:00 AM,06:30:00 PM,TRUE,TRUE,TRUE,TRUE,TRUE,TRUE,FALSE,TRUE,FALSE,FALSE,TRUE
"CCLC-21724","The Goddard School","210 Peachtree Industrial Blvd.","Sugar Hill","GA",30518,"Carmen","Griffin","(770) 831-2588",325,"JAN FEB MAR APR MAY JUN JUL AUG SEP OCT NOV DEC","MO TU WE TH FR",06:30:00 AM,06:30:00 PM,TRUE,TRUE,TRUE,FALSE,TRUE,TRUE,FALSE,FALSE,FALSE,FALSE,FALSE
"CCLC-31859","A.A.I.M.S. Montessori School","3665 Swiftwater Park Drive  Bldg. 1A","Suwanee","GA",30024,"Nargis","Soldier","(678) 546-7700",79,"JAN FEB MAR APR MAY JUN JUL AUG SEP OCT NOV DEC","MO TU WE TH FR",07:00:00 AM,06:00:00 PM,TRUE,TRUE,TRUE,TRUE,TRUE,TRUE,FALSE,FALSE,FALSE,FALSE,FALSE
"CCLC-33280","Atlanta Silverbacks After School Program","4285 Brogdon Exchange","Suwanee","GA",30024,"Michael","Parker","(678) 436-8075",34,"JAN FEB MAR APR MAY AUG SEP OCT NOV DEC","MO TU WE TH FR",02:30:00 PM,06:30:00 PM,FALSE,FALSE,FALSE,FALSE,TRUE,TRUE,FALSE,FALSE,FALSE,FALSE,TRUE
"CCLC-25013","Discovery Point #9","930 Peachtree Industrial Blvd.","Suwanee","GA",30024,"Robert","King","(770) 932-6622",235,"JAN FEB MAR APR MAY JUN JUL AUG SEP OCT NOV DEC","MO TU WE TH FR",06:30:00 AM,06:30:00 PM,TRUE,TRUE,TRUE,TRUE,TRUE,TRUE,FALSE,FALSE,TRUE,FALSE,TRUE
"CCLC-25500","Horizon Christian School","2172 Lawrenceville Suwanee Road","Suwanee","GA",30024,"Judy","Wintemute","(770) 962-1214",226,"JAN FEB MAR APR MAY JUN JUL AUG SEP OCT NOV DEC","MO TU WE TH FR",07:00:00 AM,06:00:00 PM,TRUE,TRUE,TRUE,FALSE,TRUE,TRUE,FALSE,FALSE,FALSE,FALSE,FALSE
"CCLC-988","Kids 'R Kids #20","20 Satellite Blvd.","Suwanee","GA",30024,"Tori","Mount","(770) 945-8400",240,"JAN FEB MAR APR MAY JUN JUL AUG SEP OCT NOV DEC","MO TU WE TH FR",06:00:00 AM,06:30:00 PM,TRUE,TRUE,TRUE,TRUE,TRUE,TRUE,FALSE,TRUE,FALSE,FALSE,TRUE
"CCLC-32727","KinderCare Learning Center #5003","2725 Lawrenceville-Suwanee Rd.","Suwanee","GA",30024,"Heather","Watson","(770) 271-8206",133,"JAN FEB MAR APR MAY JUN JUL AUG SEP OCT NOV DEC","MO TU WE TH FR",06:00:00 AM,07:00:00 PM,TRUE,TRUE,TRUE,TRUE,TRUE,TRUE,FALSE,TRUE,TRUE,FALSE,TRUE
"CCLC-742","Legacy Academy for Children","4055 Smithtown Road","Suwanee","GA",30024,"Gillian","Barry","(770) 932-2800",256,"JAN FEB MAR APR MAY JUN JUL AUG SEP OCT NOV DEC","MO TU WE TH FR",06:30:00 AM,06:30:00 PM,TRUE,TRUE,TRUE,TRUE,TRUE,TRUE,FALSE,TRUE,TRUE,FALSE,TRUE
"CCLC-29155","Legacy Academy Suwanee Dam","5558 Suwanee Dam Rd.","Suwanee","GA",30024,"Sam","Poyan","(678) 546-7255",220,"JAN FEB MAR APR MAY JUN JUL AUG SEP OCT NOV DEC","MO TU WE TH FR",06:30:00 AM,06:30:00 PM,TRUE,TRUE,TRUE,TRUE,TRUE,TRUE,FALSE,FALSE,FALSE,FALSE,FALSE
"CCLC-39504","Primrose School of Suwanee","2050 Lawrenceville Suwanee Rd.","Suwanee","GA",30024,"Sandra","Calvin","(770) 963-1491",134,"JAN FEB MAR APR MAY JUN JUL AUG SEP OCT NOV DEC","MO TU WE TH FR",06:30:00 AM,06:30:00 PM,TRUE,TRUE,TRUE,TRUE,TRUE,TRUE,FALSE,FALSE,TRUE,FALSE,TRUE
"CCLC-32037","Primrose School of Suwanee West","800 Peachtree Industrial Blvd.","Suwanee","GA",30024,"Shanna","Jonathan","(770) 932-3900",185,"JAN FEB MAR APR MAY JUN JUL AUG SEP OCT NOV DEC","MO TU WE TH FR",06:30:00 AM,06:30:00 PM,TRUE,TRUE,TRUE,TRUE,TRUE,TRUE,FALSE,FALSE,TRUE,FALSE,TRUE
"CCLC-38702","Suwanee Prep Academy","2150 Lawrenceville Suwanee Road","Suwanee","GA",30024,"Irma","Williams","(678) 878-2956",120,"JAN FEB MAR APR MAY JUN JUL AUG SEP OCT NOV DEC","MO TU WE TH FR",06:00:00 AM,08:00:00 PM,TRUE,TRUE,TRUE,FALSE,TRUE,TRUE,TRUE,TRUE,TRUE,FALSE,FALSE
"CCLC-14431","Suwanee Sports Academy","3640 Burnette Rd.","Suwanee","GA",30024,"Jim","Cooper","(770) 614-6686",700,"JAN FEB MAR APR MAY JUN JUL AUG SEP OCT NOV DEC","MO TU WE TH FR",02:30:00 PM,06:30:00 PM,FALSE,FALSE,FALSE,FALSE,TRUE,TRUE,FALSE,FALSE,FALSE,FALSE,TRUE
"CCLC-24257","The Goddard School Suwanee III","1460 Satellite Boulevard","Suwanee","GA",30024,"Catina","Smith Elliott","(770) 476-1760",144,"JAN FEB MAR APR MAY JUN JUL AUG SEP OCT NOV DEC","MO TU WE TH FR",06:30:00 AM,06:30:00 PM,TRUE,TRUE,TRUE,FALSE,TRUE,TRUE,FALSE,TRUE,FALSE,FALSE,TRUE
"CCLC-178","Today's Kids of Suwanee","205 N.E. Old Peachtree Road","Suwanee","GA",30024,"Eva","Latsis","(678) 482-6789",205,"JAN FEB MAR APR MAY JUN JUL AUG SEP OCT NOV DEC","MO TU WE TH FR",06:00:00 AM,06:30:00 PM,TRUE,TRUE,TRUE,TRUE,TRUE,TRUE,FALSE,FALSE,TRUE,FALSE,FALSE
"CCLC-37849","Tomorrow's Hope Montessori School","305 Peachtree Industrial Blvd","Suwanee","GA",30024,"Cathy","Sexton","(678) 546-0704",99,"JAN FEB MAR APR MAY JUN JUL AUG SEP OCT NOV DEC","MO TU WE TH FR",06:30:00 AM,06:30:00 PM,TRUE,TRUE,TRUE,FALSE,TRUE,TRUE,FALSE,FALSE,FALSE,FALSE,FALSE
"CCLC-28408","1st Creative Learning Academy","5771 Lawrenceville Hwy","Tucker","GA",30084,"Bibi","Persaud","(770) 935-6500",92,"JAN FEB MAR APR MAY JUN JUL AUG SEP OCT NOV DEC","MO TU WE TH FR",06:00:00 AM,06:30:00 PM,TRUE,TRUE,TRUE,TRUE,TRUE,TRUE,FALSE,TRUE,TRUE,FALSE,TRUE
"CCLC-3234","Family Land Day Care","5924 Mimosa Circle","Tucker","GA",30084,"Elaine","Deaton","(770) 921-5810",49,"JAN FEB MAR APR MAY JUN JUL AUG SEP OCT NOV DEC","MO TU WE TH FR",06:00:00 AM,06:00:00 PM,TRUE,TRUE,TRUE,FALSE,TRUE,TRUE,FALSE,FALSE,FALSE,FALSE,FALSE
"CCLC-1665","Gillianas Learning Academy","6000 Mimosa Circle","Tucker","GA",30084,"Annette","Lee","(770) 279-7800",239,"JAN FEB MAR APR MAY JUN JUL AUG SEP OCT NOV DEC","MO TU WE TH FR",06:00:00 AM,06:30:00 PM,TRUE,TRUE,TRUE,TRUE,TRUE,TRUE,FALSE,TRUE,TRUE,FALSE,TRUE
"CCLC-33215","Prime Time-Nesbit Elementary School","6575 Cherokee Drive","Tucker","GA",30084,"Keisha","Smith","(770) 246-9622",113,"JAN FEB MAR APR MAY JUN AUG SEP OCT NOV DEC","MO TU WE TH FR",02:30:00 PM,06:30:00 PM,FALSE,FALSE,FALSE,FALSE,TRUE,TRUE,FALSE,FALSE,FALSE,FALSE,FALSE
